term,estimate,se,pvalue
z1,-0.019490957092478927,0.05233897184035578,0.70959613518989
z2,0.2941390671543415,0.17643705993650333,0.09549357052944367
z3,0.835879351941015,0.256005495425211,0.0010943176206836592
ln_T,0.3853362068910916,0.18325679504982786,0.035490978766659326
z1:early_career,0.08041517718284727,0.0750391681851773,0.2838805442859751
z2:early_career,-0.06715962393044349,0.18273099330749015,0.7132216698088774
z3:early_career,-0.03353234319373698,0.3189994965757755,0.9162827881259429
z1:early_career:post,-0.01145161181576311,0.0955060992304007,0.9045587935698625
z2:early_career:post,-0.04006068631741404,0.2499716199261559,0.8726755279559716
z3:early_career:post,-0.22385658011053822,0.5515573396405282,0.6848434472888619
z1:post,0.0028921503833898065,0.0674421898828162,0.9657944817208008
z2:post,0.13256483018828086,0.21431627869447747,0.5362143989727828
z3:post,0.12367315144567327,0.3603380749399566,0.7314373074387279
ln_T:post,0.10008210083728962,0.18904610367766503,0.596523986265794
early_career:post,0.044487429240494196,0.0839454478201837,0.5961421447281058
