"Mbar","lb","ub","method","at_grid_edge","excludes_zero","estimate","target","honestdid_version","breakdown_Mbar"
NA,-0.0446490640657578,0.0273903609290583,"Original",FALSE,FALSE,-0.00862935156834978,"average","0.2.8",NA
0,-0.0443178596160228,0.0270591564793233,"C-LF",FALSE,FALSE,-0.00862935156834978,"average","0.2.8",NA
0.25,-0.134826859407029,0.119039847323841,"C-LF",FALSE,FALSE,-0.00862935156834978,"average","0.2.8",NA
0.5,-0.247411225000719,0.223529912123214,"C-LF",FALSE,FALSE,-0.00862935156834978,"average","0.2.8",NA
0.75,-0.361467281647921,0.337585968770417,"C-LF",FALSE,FALSE,-0.00862935156834978,"average","0.2.8",NA
1,-0.475155415531746,0.452009948180997,"C-LF",FALSE,FALSE,-0.00862935156834978,"average","0.2.8",NA
1.25,-0.589947317705705,0.563858468247931,"C-LF",FALSE,FALSE,-0.00862935156834978,"average","0.2.8",NA
1.5,-0.701795837772639,0.67865037042189,"C-LF",FALSE,FALSE,-0.00862935156834978,"average","0.2.8",NA
1.75,-0.816587739946597,0.790498890488824,"C-LF",FALSE,FALSE,-0.00862935156834978,"average","0.2.8",NA
2,-0.928436260013531,0.905290792662783,"C-LF",FALSE,FALSE,-0.00862935156834978,"average","0.2.8",NA
