,expq_2020Q1,expq_2020Q2,expq_2020Q3,expq_2020Q4,expq_2021Q1,expq_2021Q2,expq_2021Q3,expq_2021Q4,expq_2022Q1,expq_2022Q2,expq_2022Q4,expq_2023Q1,expq_2023Q2,expq_2023Q3,expq_2023Q4,expq_2024Q1,expq_2024Q2,expq_2024Q3,expq_2024Q4,expq_2025Q1,expq_2025Q2,expq_2025Q3,expq_2025Q4
expq_2020Q1,0.008448048860503793,0.003526788459299143,0.005861630180695214,0.007148239911112111,0.006070600495836419,0.007528509122323459,0.006640984814836125,0.00593346495039237,0.007414218272911056,0.0041680341248804985,0.0056364420807308606,0.004116480124210549,0.004179432120415934,0.0035301749194536565,0.0038267323117754993,0.005217386580412298,0.0035597212624274245,0.004660578696854733,0.003905580415382122,0.003847913994670294,0.0044325383005691665,0.003926922537631842,0.007664915579975975
expq_2020Q2,0.003526788459299357,0.007987710487317333,0.004798942674126656,0.0057860429814444655,0.005426455165989528,0.006927752191409915,0.006507077194514337,0.004959985710451931,0.0059153648387402155,0.00331073920285902,0.006105539002302366,0.0030913334179108244,0.00523087671375951,0.0067120353284015055,0.004453154315066791,0.005651685559018378,0.0032190797555616798,0.005408729960704158,0.005669561965523643,0.0055542899397974,0.0030457307736214776,0.005010055909519299,0.005233741353908023
expq_2020Q3,0.005861630180695214,0.004798942674126636,0.009233547467651346,0.00828992863806449,0.007852182877196481,0.007566760602636947,0.007679208003217542,0.0058653711257979834,0.007571311846409461,0.004636705317793259,0.006846614287298864,0.0035275527641451185,0.005929224656538881,0.0048733418260779576,0.005206884548244763,0.0059696660032763065,0.0036645124359269404,0.005151320299436119,0.005604679018083233,0.006563825116521498,0.003002433336577696,0.004155946287129137,0.006416025817174893
expq_2020Q4,0.00714823991111214,0.005786042981444378,0.008289928638064478,0.015033328484041333,0.010342904625521288,0.012218016026373839,0.009730371641054034,0.010873367506353907,0.011040418104764508,0.005133960384876112,0.008340712422901714,0.005717757415953399,0.006542637981184583,0.006557849393666703,0.006794776902983644,0.009457834506433263,0.0038303292043670636,0.005914574078781563,0.006546150737058847,0.006973368278486149,0.004536681176180797,0.004960205367166848,0.009678004689536428
expq_2021Q1,0.006070600495836538,0.005426455165989465,0.007852182877196493,0.010342904625521303,0.010793738453723525,0.0094313765379035,0.008631759933760344,0.008809820796210729,0.009452460762947661,0.0049304020731024785,0.007089659476969188,0.004543560681555327,0.005653198091093323,0.005399487585783829,0.006187717443871031,0.007319913290930694,0.00326003567177197,0.005152249187323261,0.006369971644987396,0.006459047241638238,0.00360279706458556,0.0049825045089755115,0.007752077265194115
expq_2021Q2,0.007528509122323377,0.006927752191409824,0.007566760602636843,0.012218016026373783,0.009431376537903434,0.01454147842974853,0.010298500063296932,0.010835018618901425,0.011977941766392027,0.005133315018749591,0.008546880179962656,0.0066161342749483125,0.006713482727025442,0.008064132699199242,0.005874527484635342,0.009455051196285652,0.0044410759052455435,0.0060813317823864,0.007419203327619052,0.006140413150777715,0.005532272655131342,0.006161707239363574,0.010942715012287083
expq_2021Q3,0.006640984814836215,0.006507077194514256,0.0076792080032176075,0.009730371641054027,0.008631759933760386,0.010298500063297045,0.012059985721905914,0.007887240038481807,0.010435965141718817,0.0046068876531618515,0.008499388067123286,0.004710293195040403,0.006303958511112097,0.007932300073242988,0.00534984276188181,0.0076455943031393265,0.004206924718648876,0.005949591431424418,0.006796018956331842,0.006472082372508352,0.0037010159553877366,0.005831189241240396,0.008430432222532133
expq_2021Q4,0.00593346495039245,0.004959985710451859,0.005865371125797949,0.01087336750635386,0.008809820796210682,0.010835018618901468,0.007887240038481779,0.01152953996327236,0.009466039819083106,0.0029156133604044433,0.0066115086747385275,0.005319681009604939,0.00409708129075058,0.006030497834553507,0.005156335589803754,0.007884297878199813,0.002869459007624057,0.00415426340998282,0.005909613280905003,0.004172379183284194,0.0037435269881354776,0.005153077779129367,0.00864841336053813
expq_2022Q1,0.0074142182729109,0.005915364838740127,0.007571311846409424,0.011040418104764459,0.009452460762947559,0.011977941766392075,0.010435965141718762,0.009466039819083087,0.012795155100119998,0.0049696711583615645,0.00879816088474089,0.0061739473872805695,0.006164730066422594,0.006745244562197479,0.005850540381848314,0.008605412432786001,0.004573906628246257,0.006335203887951031,0.006885616033229547,0.0055452891769496,0.004939336100375936,0.005943953885216625,0.009877851557554405
expq_2022Q2,0.0041680341248805175,0.0033107392028588803,0.004636705317793135,0.005133960384876046,0.004930402073102392,0.005133315018749563,0.004606887653161786,0.0029156133604043943,0.0049696711583615575,0.006434838729938449,0.005101336039731052,0.0026101930492807355,0.005300103853629854,0.00260059786223183,0.003543859020973083,0.004301395881661232,0.002716198284843261,0.003988354089783277,0.0035407500542133322,0.004883049225553921,0.003629254962233591,0.002558388429464951,0.00501879941407499
expq_2022Q4,0.0056364420807308415,0.006105539002302251,0.006846614287298785,0.008340712422901646,0.007089659476969071,0.00854688017996266,0.008499388067123198,0.0066115086747384755,0.008798160884740839,0.0051013360397310515,0.00983497177327859,0.004593655190353679,0.006755797367193423,0.006550256644119674,0.005327664860621924,0.007380703633717503,0.004662641990944247,0.00604228041989118,0.006869428588210258,0.006619537528729506,0.0043466128299505715,0.006460900826316699,0.008410203340070583
expq_2023Q1,0.00411648012421063,0.0030913334179107784,0.0035275527641451605,0.0057177574159534604,0.004543560681555328,0.006616134274948433,0.004710293195040415,0.0053196810096050205,0.006173947387280672,0.002610193049280895,0.004593655190353776,0.005017506206625106,0.003730663869051939,0.003502567030949611,0.002969111955008864,0.004857719976564279,0.002984550246755563,0.0029590605667411366,0.0037983676542076403,0.002556155360720468,0.0034719084994406764,0.003384482827789157,0.005703780027837999
expq_2023Q2,0.004179432120415917,0.005230876713759427,0.005929224656538881,0.006542637981184686,0.005653198091093337,0.006713482727025556,0.006303958511112089,0.004097081290750649,0.006164730066422697,0.005300103853629952,0.006755797367193517,0.0037306638690519324,0.009003160674589863,0.0057237735216254535,0.00424306365092055,0.005818989679342613,0.004992015018132389,0.0057505776343651635,0.005116744839522732,0.007067608208487463,0.004445727037365617,0.004453600295377134,0.006457833089311641
expq_2023Q3,0.0035301749194536743,0.006712035328401547,0.004873341826078068,0.006557849393666787,0.005399487585783878,0.008064132699199367,0.007932300073243087,0.006030497834553636,0.0067452445621976435,0.00260059786223201,0.006550256644119819,0.003502567030949648,0.005723773521625552,0.009853488141197884,0.0037244294796199688,0.0058589737897734116,0.003738739944659691,0.005334577187875282,0.0060093654094103095,0.005689619659301474,0.0030695580672476176,0.006110556905614676,0.0062871402806448096
expq_2023Q4,0.0038267323117758024,0.004453154315066763,0.005206884548244781,0.006794776902983686,0.00618771744387106,0.0058745274846354325,0.005349842761881831,0.005156335589803787,0.005850540381848398,0.003543859020973178,0.005327664860622011,0.0029691119550088276,0.004243063650920537,0.0037244294796198937,0.006225778814081356,0.005491687616412768,0.002552167139159801,0.004943869293296864,0.004581895129095954,0.004995228806441535,0.003107363072060681,0.003989550379606535,0.004685674899709482
expq_2024Q1,0.005217386580412416,0.00565168555901832,0.005969666003276303,0.009457834506433253,0.007319913290930641,0.009455051196285778,0.007645594303139331,0.00788429787819987,0.008605412432786098,0.00430139588166131,0.007380703633717612,0.004857719976564235,0.005818989679342583,0.005858973789773353,0.005491687616412778,0.009018175283637653,0.003951040924533141,0.004871576709774714,0.0058750436235422854,0.005470492075795843,0.004467427922273007,0.004984338230854187,0.008008584334428888
expq_2024Q2,0.0035597212624274986,0.003219079755561567,0.003664512435926961,0.003830329204367035,0.0032600356717719776,0.004441075905245652,0.004206924718648899,0.0028694590076241175,0.004573906628246383,0.0027161982848433893,0.00466264199094437,0.0029845502467555586,0.004992015018132343,0.003738739944659689,0.0025521671391598613,0.003951040924533141,0.006167834989249599,0.004138018577256769,0.0033648712365342234,0.004478969898566324,0.0041339865336502985,0.003729119579396777,0.004978120268991169
expq_2024Q3,0.004660578696854945,0.005408729960704207,0.0051513202994361625,0.0059145740787816155,0.005152249187323374,0.00608133178238655,0.00594959143142449,0.004154263409982932,0.006335203887951201,0.003988354089783455,0.006042280419891359,0.0029590605667411864,0.005750577634365218,0.005334577187875266,0.004943869293296958,0.004871576709774808,0.00413801857725683,0.007965263605898021,0.004850134358985682,0.005720554971086094,0.004125830010437508,0.004938678884891075,0.00575690963295822
expq_2024Q4,0.0039055804153819615,0.0056695619655235336,0.005604679018083164,0.006546150737058837,0.006369971644987349,0.007419203327619083,0.006796018956331774,0.005909613280904997,0.006885616033229565,0.0035407500542133717,0.0068694285882102855,0.0037983676542075267,0.005116744839522639,0.0060093654094101985,0.004581895129095947,0.00587504362354223,0.0033648712365341774,0.004850134358985554,0.008228510159877496,0.005389344627257486,0.003153581894755898,0.0060511768936892425,0.006959188382749126
expq_2025Q1,0.003847913994670339,0.0055542899397972405,0.0065638251165214085,0.00697336827848609,0.006459047241638188,0.00614041315077771,0.006472082372508264,0.004172379183284142,0.005545289176949586,0.004883049225553949,0.006619537528729508,0.0025561553607203677,0.007067608208487347,0.005689619659301332,0.004995228806441451,0.005470492075795786,0.0044789698985661965,0.005720554971085956,0.005389344627257459,0.009672409321342276,0.00295913878441548,0.004687231323690636,0.005527283227507815
expq_2025Q2,0.0044325383005691995,0.0030457307736214763,0.0030024333365777514,0.004536681176180927,0.0036027970645856385,0.0055322726551315544,0.0037010159553878532,0.0037435269881355695,0.004939336100376137,0.0036292549622337755,0.004346612829950766,0.0034719084994407146,0.00444572703736566,0.003069558067247613,0.003107363072060742,0.004467427922273078,0.004133986533650373,0.004125830010437518,0.003153581894755977,0.0029591387844156527,0.006840260952576976,0.004396888061753436,0.005884369860139557
expq_2025Q3,0.00392692253763164,0.005010055909519084,0.004155946287129011,0.004960205367166731,0.00498250450897536,0.00616170723936352,0.005831189241240277,0.005153077779129278,0.00594395388521659,0.0025583884294649046,0.006460900826316662,0.0033844828277889683,0.004453600295376988,0.00611055690561448,0.0039895503796064154,0.004984338230854093,0.003729119579396613,0.004938678884890836,0.006051176893689146,0.004687231323690587,0.0043968880617532196,0.008018349942971964,0.006554369899888498
expq_2025Q4,0.007664915579976193,0.0052337413539079985,0.0064160258171749454,0.009678004689536475,0.007752077265194166,0.010942715012287186,0.00843043222253213,0.008648413360538208,0.009877851557554464,0.005018799414075109,0.008410203340070728,0.005703780027837998,0.006457833089311643,0.006287140280644775,0.0046856748997095125,0.008008584334428926,0.004978120268991221,0.005756909632958171,0.006959188382749224,0.005527283227507953,0.005884369860139559,0.006554369899888658,0.013156221443995097
