,expJq_2020Q1,expJq_2021Q3,expJq_2021Q4,expJq_2022Q1,expJq_2022Q2,expJq_2022Q4,expJq_2023Q1,expJq_2023Q2,expJq_2023Q3,expJq_2023Q4,expJq_2024Q1,expJq_2024Q2,expJq_2024Q3,expJq_2024Q4,expJq_2025Q1,expJq_2025Q2,expJq_2025Q3,expJq_2025Q4
expJq_2020Q1,0.0821238105635965,0.02505049380355164,0.057269982115438905,0.037203872744805,0.03893246536510739,0.05392062170102529,0.03495788634507947,0.03469074078021697,0.0346655611395478,0.044563316518859974,0.04456625438046594,0.03768546004953496,-0.006919087937139211,0.034289771126926195,0.051011119439777396,0.05308959981252855,0.06259284260745,0.0634230374846836
expJq_2021Q3,0.025050493803551534,0.03903762301481386,0.03078281055722257,0.023843587969592555,0.023515083505333587,0.02991406531651956,0.02376532535063977,0.02301501593451511,0.02317811473553642,0.03841312597909094,0.021064346769103234,0.019951918558499353,0.011637036406921158,0.028579383300816125,0.019971682665911938,0.027965366156437264,0.028183170546298042,0.02580282231114187
expJq_2021Q4,0.05726998211543736,0.03078281055722133,0.07103191670992896,0.03634777767361021,0.039476816488960315,0.06070243980658259,0.028406618112682434,0.03624066536616097,0.03866550532145309,0.052265035320931984,0.039332860007990605,0.03282834832788806,-0.003512240751913526,0.03786768681455292,0.05398283676381858,0.05566723419640889,0.07048262142137075,0.052641533539817965
expJq_2022Q1,0.03720387274480406,0.023843587969591875,0.0363477776736106,0.04488993861727674,0.027097151287891353,0.037314915877821334,0.029425474511738197,0.02765647229428383,0.027486851190677435,0.026146687582088803,0.02703458168663423,0.03013580367973727,0.005336532807518622,0.02665479301398272,0.026515072454899286,0.03829792746793666,0.03383468650405657,0.044722870881936654
expJq_2022Q2,0.038932465365106445,0.023515083505332712,0.03947681648896078,0.027097151287891447,0.041854326690353466,0.04292064987143138,0.024931011524396623,0.028168259687687505,0.0231925430643689,0.03686458498311956,0.027674873939333808,0.02342432073256935,0.006010845718095409,0.026767635079707506,0.034207076241479714,0.03336582867806571,0.03755374055927545,0.037934178900746345
expJq_2022Q4,0.05392062170102403,0.029914065316518378,0.06070243980658281,0.03731491587782117,0.04292064987143117,0.09055128267206446,0.0305958005357284,0.036388991149050046,0.04063040008732078,0.05126175148993179,0.03892457187503707,0.022883078754609557,0.0030211388249047405,0.03817278976211602,0.05649621007029183,0.053125060114827385,0.0717039448990236,0.05534376220154632
expJq_2023Q1,0.03495788634507751,0.023765325350638015,0.028406618112681793,0.02942547451173734,0.024931011524395905,0.030595800535727646,0.045873506719532865,0.026934396476995,0.017349972941568807,0.026090493802212716,0.024408471354180367,0.03034075855248212,0.012389756783664755,0.03069694761144687,0.017011572232751297,0.031015302576550875,0.02601574746198136,0.05201205041828795
expJq_2023Q2,0.0346907407802159,0.023015015934514122,0.03624066536616124,0.027656472294283672,0.028168259687687477,0.03638899114905018,0.026934396476995925,0.037727950569763136,0.02017064270144194,0.02710757165200264,0.02683455461248396,0.023883626371221264,0.005321746557964406,0.02629027132021845,0.024900428228756894,0.035588111628900264,0.03342224601246635,0.04245125329229507
expJq_2023Q3,0.03466556113954643,0.023178114735534997,0.038665505321453,0.02748685119067693,0.023192543064368465,0.04063040008732057,0.01734997294156923,0.020170642701441557,0.04346218119659056,0.031746247664601615,0.02144089350743179,0.016059593553888526,-0.007719590028241501,0.022973756945399833,0.032514764726172686,0.035226373684865205,0.04166596893254246,0.026960072791930866
expJq_2023Q4,0.04456331651885829,0.038413125979089455,0.05226503532093168,0.026146687582087963,0.03686458498311895,0.05126175148993126,0.02609049380221277,0.027107571652002126,0.03174624766460143,0.07881326354181391,0.03249203683860959,0.029456312847756762,0.01033886697933031,0.04077553119425604,0.04730650174257121,0.04664473508592979,0.05850801404168982,0.03773208216633793
expJq_2024Q1,0.04456625438046486,0.021064346769102463,0.039332860007991036,0.027034581686634224,0.027674873939334023,0.03892457187503736,0.02440847135418143,0.026834554612484067,0.021440893507432352,0.03249203683861042,0.044653294414574544,0.027542816985760905,0.00012057513457945807,0.029265183567634297,0.030232423352870356,0.03852286349923676,0.03569410622699546,0.04837677507464295
expJq_2024Q2,0.03768546004953388,0.019951918558498524,0.032828348327888425,0.030135803679737113,0.0234243207325693,0.022883078754609536,0.030340758552483183,0.023883626371221302,0.01605959355388883,0.0294563128477574,0.027542816985760804,0.0480606472579574,0.007867073278512403,0.02621125576702455,0.025577048605234087,0.03355337885911893,0.02839551826063273,0.045204641535058945
expJq_2024Q3,-0.006919087937141219,0.011637036406919226,-0.0035122407519142906,0.005336532807517438,0.0060108457180943495,0.0030211388249037573,0.012389756783664482,0.005321746557963335,-0.007719590028242136,0.010338866979329906,0.0001205751345781404,0.007867073278511355,0.06536305183630198,0.011081977287104482,-0.0038207552104322566,-0.00202622554270394,-0.0025220870865500992,0.0022532673942169896
expJq_2024Q4,0.03428977112692536,0.02857938330081535,0.03786768681455344,0.02665479301398266,0.02676763507970754,0.03817278976211634,0.030696947611447905,0.02629027132021873,0.022973756945400502,0.0407755311942568,0.029265183567634342,0.02621125576702473,0.011081977287105742,0.058322802943929615,0.025794107665135724,0.03855145701918778,0.0388945483080573,0.03779721702277108
expJq_2025Q1,0.051011119439776605,0.01997168266591131,0.05398283676381926,0.02651507245489959,0.03420707624147994,0.05649621007029247,0.01701157223275253,0.024900428228757314,0.03251476472617343,0.04730650174257212,0.030232423352870692,0.025577048605234354,-0.0038207552104308554,0.025794107665135912,0.0705458355622323,0.04152097231674577,0.06794513796427624,0.034352799234405706
expJq_2025Q2,0.05308959981252896,0.02796536615643785,0.055667234196410724,0.03829792746793815,0.03336582867806722,0.05312506011482917,0.031015302576553404,0.03558811162890194,0.035226373684867265,0.04664473508593196,0.03852286349923816,0.03355337885912061,-0.0020262255427012667,0.03855145701918926,0.04152097231674693,0.06699992376114829,0.05404441744404392,0.05151494252865592
expJq_2025Q3,0.06259284260744903,0.02818317054629724,0.0704826214213712,0.03383468650405649,0.03755374055927547,0.07170394489902379,0.026015747461982437,0.03342224601246648,0.04166596893254298,0.058508014041690655,0.03569410622699546,0.028395518260632736,-0.002522087086548917,0.038894548308057275,0.06794513796427602,0.054044417444042384,0.10150798207890481,0.04828250493183321
expJq_2025Q4,0.06342303748468145,0.02580282231113989,0.05264153353981722,0.044722870881935294,0.03793417890074504,0.05534376220154508,0.05201205041828769,0.04245125329229417,0.02696007279193009,0.03773208216633745,0.04837677507464169,0.04520464153505778,0.002253267394216848,0.037797217022769884,0.03435279923440409,0.05151494252865301,0.04828250493183196,0.10945290521653094
