,expJq_2022Q4,expJq_2023Q1,expJq_2023Q2,expJq_2023Q3,expJq_2023Q4,expJq_2024Q1,expJq_2024Q2,expJq_2024Q3,expJq_2024Q4,expJq_2025Q1,expJq_2025Q2,expJq_2025Q3,expJq_2025Q4,expJ_trend
expJq_2022Q4,0.0011443121233221376,-0.00010809322500591093,-4.2961618563225805e-05,0.00031931148411005935,-4.9976230918841175e-05,0.00021403452525924858,0.0002526467302475324,0.00042766795364238106,0.0003293834122539984,-9.97205454928571e-05,7.393913658049286e-05,2.3743278107360674e-05,0.00013612057981234212,-2.0814895246990446e-05
expJq_2023Q1,-0.00010809322500601044,0.001329384869387441,0.0005928632448686472,0.00019374894865616663,0.0006910544626804376,0.0010460292658328813,0.0005891798753700459,0.0007197805486338977,0.0008939044788177691,0.001206735876662669,0.0007242419859908107,0.0009619491499201075,0.0014474992786826725,-6.0317279143160876e-05
expJq_2023Q2,-4.296161856327381e-05,0.0005928632448687393,0.0017446977476612722,0.0003442167012919123,0.0010981313410380242,0.001236580188040621,0.00020199818608709487,0.0010760301090961223,0.001636708315958549,0.0019465109476774854,0.0011818351515712963,0.0017496250586266564,0.002268564296473138,-8.759368393050599e-05
expJq_2023Q3,0.00031931148410974065,0.0001937489486559791,0.00034421670129155114,0.001501275817150366,0.0002635327968654,0.00016241313489538054,-0.0001652049853380526,6.760206475487817e-05,0.00015438845715691133,0.00046857541207104373,-0.00018387222977318303,0.0004853682871242759,0.000872925412617794,-8.500884007819499e-07
expJq_2023Q4,-4.997623091893451e-05,0.0006910544626804884,0.0010981313410379579,0.00026353279686575987,0.0016066487337711417,0.0013265053039573837,0.0007749401064732146,0.0014099942151356158,0.0016618112221469875,0.0017967999846358064,0.0014802795486878267,0.0019814030174808844,0.0022054977489846263,-0.0001042011405363019
expJq_2024Q1,0.00021403452525913685,0.0010460292658328995,0.0012365801880404785,0.00016241313489568024,0.0013265053039573224,0.002205314502179199,0.0010475678304981218,0.0017815955573027842,0.0018927434098368898,0.0021471400422587725,0.001754270044280159,0.001987043177815929,0.0027089011445059243,-0.00012946475614517434
expJq_2024Q2,0.00025264673024748816,0.0005891798753702414,0.00020199818608711498,-0.00016520498533757915,0.000774940106473267,0.0010475678304983195,0.002544628142930805,0.0013776860541462159,0.0007622946994398621,0.0005426610192623063,0.0017892767171003928,0.0008776731871439651,0.0010801635346515469,-0.00010082889831486448
expJq_2024Q3,0.0004276679536423217,0.00071978054863401,0.0010760301090961065,6.760206475534131e-05,0.0014099942151357056,0.001781595557302976,0.001377686054146156,0.0024592530206198333,0.001987271715320224,0.0019184268870666198,0.0019497561716992095,0.0022031193042910836,0.0025060214547565347,-0.0001453984233149861
expJq_2024Q4,0.0003293834122536661,0.0008939044788176279,0.001636708315958216,0.00015438845715707322,0.0016618112221466576,0.0018927434098366524,0.0007622946994393326,0.0019872717153197085,0.003063126109325406,0.0026038656455479037,0.002037185154859996,0.0023261594375759225,0.0030483244782536978,-0.00014620936066793409
expJq_2025Q1,-9.972054549318628e-05,0.001206735876662621,0.0019465109476772251,0.0004685754120713722,0.0017967999846355382,0.0021471400422586173,0.0005426610192619111,0.0019184268870662583,0.002603865645547998,0.0033062032540692415,0.0019048810585576247,0.0027842974461728927,0.0034811338752016897,-0.00014907163289418137
expJq_2025Q2,7.39391365801179e-05,0.0007242419859906094,0.0011818351515709299,-0.0001838722297729405,0.0014802795486874637,0.0017542700442798763,0.0017892767170998543,0.001949756171698693,0.0020371851548600106,0.0019048810585574304,0.0031142791644542113,0.0023960608223157257,0.0024302323854847,-0.00015717967226765162
expJq_2025Q3,2.374327810652062e-05,0.0009619491499193817,0.0017496250586256348,0.00048536828712379936,0.00198140301747973,0.001987043177814835,0.0008776731871425761,0.002203119304289602,0.002326159437574913,0.002784297446171678,0.002396060822314606,0.004198088615691839,0.0035266297674750877,-0.0001753561954636586
expJq_2025Q4,0.00013612057981231824,0.0014474992786828894,0.002268564296473218,0.0008729254126185372,0.0022054977489847885,0.0027089011445062235,0.001080163534651594,0.002506021454756629,0.0030483244782544224,0.0034811338752023047,0.002430232385485531,0.003526629767477146,0.00489929626484391,-0.00018912781791405805
expJ_trend,-2.081489524699022e-05,-6.031727914317527e-05,-8.759368393051034e-05,-8.500884008223284e-07,-0.0001042011405363128,-0.00012946475614519489,-0.00010082889831487326,-0.00014539842331499756,-0.00014620936066797542,-0.0001490716328942166,-0.0001571796722676995,-0.00017535619546377336,-0.0001891278179140636,1.1643155927434855e-05
