term,estimate_uncond,se_uncond,pvalue_uncond,quarter_uncond,period_uncond,estimate_cond,se_cond,pvalue_cond,quarter_cond,period_cond,composition_component
expJq_2020Q1,-0.3596529417140479,0.2642695899782028,0.17353517966145515,2020Q1,pre,-0.3196196103756857,0.2509812789860017,0.2028478058428692,2020Q1,pre,-0.04003333133836218
expJq_2020Q2,0.2905396257008421,0.37392704821415146,0.4371614380381156,2020Q2,pre,0.31102762149759083,0.35186645880380024,0.37673046869280546,2020Q2,pre,-0.02048799579674876
expJq_2020Q3,-0.20477626113804773,0.3052637633654418,0.5023368257785881,2020Q3,pre,-0.17265509093364723,0.2760249888433302,0.5316394769899015,2020Q3,pre,-0.0321211702044005
expJq_2020Q4,-0.01818213993313743,0.387947046041608,0.9626187656262623,2020Q4,pre,0.09192062300168156,0.3694150986236165,0.8034942441396586,2020Q4,pre,-0.11010276293481899
expJq_2021Q1,-0.12017842096484692,0.27972916849429474,0.66746902850637,2021Q1,pre,0.04228872767468263,0.25656318154603736,0.8690795745386615,2021Q1,pre,-0.16246714863952955
expJq_2021Q2,-0.35953585321423764,0.29705205700694126,0.2261460446999518,2021Q2,pre,-0.27135373196279106,0.28122242944973525,0.3345909653268041,2021Q2,pre,-0.08818212125144659
expJq_2021Q3,-0.20431504555835667,0.3371709091002622,0.5445354826084542,2021Q3,pre,-0.09865691320713758,0.30941078610908723,0.749837113885916,2021Q3,pre,-0.10565813235121908
expJq_2021Q4,0.020448276358617668,0.3136557618233207,0.9480200393021354,2021Q4,pre,0.18833469440639414,0.2982368676403163,0.527717786103009,2021Q4,pre,-0.16788641804777646
expJq_2022Q1,-0.31447506514418627,0.3180453982637194,0.32277365931822033,2022Q1,pre,-0.2601071781904924,0.28161660998660903,0.3556833743487836,2022Q1,pre,-0.05436788695369388
expJq_2022Q2,0.09217301893678229,0.2668039673898069,0.7297403492043418,2022Q2,pre,0.16807870935984034,0.24409063425872474,0.491080440239439,2022Q2,pre,-0.07590569042305806
expJq_2022Q4,0.425957095390949,0.39384228898218687,0.27945595477302665,2022Q4,post,0.5165550326341803,0.34141271521201827,0.13028144854663973,2022Q4,post,-0.09059793724323134
expJq_2023Q1,0.0689834625340748,0.34126097128367894,0.8398050562001542,2023Q1,post,0.09626753822201752,0.29826994537523416,0.7468822630130029,2023Q1,post,-0.02728407568794272
expJq_2023Q2,-0.11665796826867032,0.27264535614388213,0.6687425658715156,2023Q2,post,-0.009468905693382955,0.2606770430892976,0.9710237907122575,2023Q2,post,-0.10718906257528737
expJq_2023Q3,-0.0988125810804241,0.2937442375737803,0.7365768997791535,2023Q3,post,-0.123735445494365,0.26106320803616767,0.6355231667308529,2023Q3,post,0.024922864413940912
expJq_2023Q4,0.22744156289296152,0.4292130632761389,0.5961787450009695,2023Q4,post,0.3946840406552217,0.40522131783002935,0.33005840526326713,2023Q4,post,-0.1672424777622602
expJq_2024Q1,0.11199645128509705,0.3042626860267257,0.7128051488577498,2024Q1,post,0.12160150321564568,0.30255088567996485,0.687742292042181,2024Q1,post,-0.009605051930548628
expJq_2024Q2,-0.8101068003572004,0.3278935737672158,0.013487172097201877,2024Q2,post,-0.6213798788080758,0.30101579493209824,0.03899149296866082,2024Q2,post,-0.18872692154912463
expJq_2024Q3,0.1711353603367613,0.4081264227488998,0.674982660071828,2024Q3,post,0.16498694696020058,0.38010914453192557,0.6642510386583573,2024Q3,post,0.0061484133765607185
expJq_2024Q4,0.07144339112501209,0.36286175690403144,0.8439146118291473,2024Q4,post,0.18913735147513772,0.34105792314497796,0.5791951143818614,2024Q4,post,-0.11769396035012562
expJq_2025Q1,-0.15792457704245016,0.3242855612817036,0.6262637752091085,2025Q1,post,-0.07617491283245631,0.2870272285917416,0.7907070083706845,2025Q1,post,-0.08174966420999386
expJq_2025Q2,-0.14557954068804535,0.3202368678996664,0.6493973481279989,2025Q2,post,-0.010349409901912214,0.31497287822849546,0.9737877471790195,2025Q2,post,-0.13523013078613313
expJq_2025Q3,-0.0010449075580951925,0.28531751139944317,0.9970779440058563,2025Q3,post,0.10401760077374872,0.2988550223870806,0.7277998436896798,2025Q3,post,-0.10506250833184391
expJq_2025Q4,-0.22466379266793873,0.3528475687045478,0.5243096648580541,2025Q4,post,-0.08786639236194521,0.34346761896908773,0.7980886921078203,2025Q4,post,-0.13679740030599352
