,expJq_2020Q1,expJq_2020Q2,expJq_2020Q3,expJq_2020Q4,expJq_2021Q1,expJq_2021Q2,expJq_2021Q3,expJq_2021Q4,expJq_2022Q1,expJq_2022Q2,expJq_2022Q4,expJq_2023Q1,expJq_2023Q2,expJq_2023Q3,expJq_2023Q4,expJq_2024Q1,expJq_2024Q2,expJq_2024Q3,expJq_2024Q4,expJq_2025Q1,expJq_2025Q2,expJq_2025Q3,expJq_2025Q4
expJq_2020Q1,0.002493069329415401,0.0012179873529915746,0.0021439034574632656,0.001309101732264243,0.0012400261030785678,0.00026455885388277224,0.001462652127377623,0.0010336659793675502,0.0010888044449690439,0.0015798048371539624,0.0010723268441903428,0.0008532046035985971,0.0010963063729905772,0.000479080837018029,0.0012893456051519348,0.0014575692979459853,0.0007880405155492314,0.001447755498076496,0.0013053882535440744,0.000961485773902293,0.0006088556604121962,0.001213908017012319,0.0015079446258588216
expJq_2020Q2,0.0012179873529919835,0.0026822194517709254,0.0024103025619711285,0.00207205044256824,0.0018553862519647111,0.0016922501915404918,0.0016524583286187172,0.0013341710328083508,0.0011432404592242697,0.002001838711053771,0.0008874939462129945,0.0016026554991314095,0.0017930100330268435,0.0002496637018405978,0.0013389273833180355,0.0017892625319526779,0.0007456575915440944,0.0017005156805117074,0.0017606139301086354,0.0011499507963208665,0.0008727155267097352,0.0017924300389149004,0.0017584516522535084
expJq_2020Q3,0.002143903457463952,0.0024103025619714035,0.005328684093970159,0.0032246156901461504,0.0024716517381586684,0.0013463644340165296,0.0032242365131975805,0.002460288012898524,0.0014165241029430822,0.0032490187711939813,0.002265475462559141,0.002067284013325374,0.0027382238369534724,0.0011077001923791513,0.0024549956191641156,0.003130607926999577,0.0001947102063089091,0.002683746670932565,0.003346664385915396,0.002735070526170866,0.001444818333266699,0.0035684631616211796,0.003281857443737105
expJq_2020Q4,0.0013091017322639277,0.0020720504425674317,0.0032246156901451105,0.004681934418596505,0.002157533086861036,0.002345882733990462,0.0028048863099176145,0.0025899905715831006,0.0017618415135894493,0.003099167779019584,0.0021358112943339973,0.002868757028791125,0.002993784394519587,0.0015677100831879356,0.0021581388160125613,0.003484258746694012,0.0008359209837043022,0.002423380920825569,0.002843540855885299,0.0023916174719266618,0.0011863323255263433,0.0033437639605139176,0.003550607110762575
expJq_2021Q1,0.0012400261030789948,0.0018553862519646858,0.0024716517381584424,0.00215753308686188,0.0031319996330171265,0.0013850039744671251,0.0015916771811585672,0.0014346915927192932,0.001305906553990988,0.0019933192161094605,0.001428191193128187,0.0013770717844392155,0.00143872126161562,0.0001980756227607752,0.001244991986107043,0.001702712776426814,0.0007223489132431387,0.0021282336289967516,0.0018771310910039025,0.0011819266382376344,0.00048435793730657256,0.0015636744602639618,0.0012300638638373734
expJq_2021Q2,0.00026455885388303884,0.0016922501915402881,0.0013463644340161018,0.0023458827339910737,0.00138500397446692,0.002779581449568775,0.0016915103540241284,0.0013686245492993633,0.0012720301387225631,0.0019678809890177405,0.0010219887114154404,0.002141017212263636,0.0020429883766589214,0.0006959129050867105,0.0014215177882044312,0.002398795017984575,0.0012003800974439876,0.001480349654045415,0.0023236631959976154,0.001383790760672723,0.0012044141991083542,0.0017992469815113748,0.0020651301304181694
expJq_2021Q3,0.0014626521273784963,0.0016524583286190847,0.003224236513197757,0.0028048863099188605,0.0015916771811590054,0.0016915103540247828,0.0035527611577701357,0.0019416937588308627,0.0016677341575752863,0.0027228410954041036,0.001481818808177734,0.002569908865696999,0.0025280176251318435,0.0014818518187897363,0.0026409817691116725,0.003230432036709844,0.0010904675123080926,0.002125905257547874,0.0033112860505247256,0.0025931798051401205,0.0018781092830218906,0.0036098475881828724,0.0034435562101359295
expJq_2021Q4,0.0010336659793683276,0.001334171032808688,0.0024602880128985977,0.0025899905715841636,0.0014346915927196282,0.0013686245492998703,0.0019416937588307833,0.002246737386766189,0.0011958588102579757,0.0021443365137178466,0.00178053808131268,0.0017018686239008984,0.0016633581976928146,0.0011407516487677858,0.001697639633320383,0.002518111362007904,0.0004735822585923857,0.0015800156502703234,0.002248834689867508,0.0017983456531631586,0.0010419939856498753,0.0021158114283840465,0.0022259138870499356
expJq_2022Q1,0.0010888044449688915,0.0011432404592236533,0.001416524102942227,0.0017618415135896449,0.0013059065539903557,0.0012720301387221713,0.001667734157574288,0.0011958588102570368,0.0025941826926954444,0.0016743051151343878,0.0010991619695346847,0.0017249275228891873,0.0015437921708301406,0.0014492556492187263,0.0018273651384700994,0.0020328388267840027,0.0005983025296242777,0.0012603525940059319,0.0019003494204292684,0.0018506258687449105,0.000992798284556886,0.0020187221496818326,0.0021073533350637126
expJq_2022Q2,0.001579804837153934,0.00200183871105327,0.003249018771193261,0.003099167779019884,0.0019933192161090216,0.001967880989017519,0.0027228410954032844,0.002144336513717093,0.001674305115134495,0.003457918957422487,0.0019670815670948965,0.002360305731877079,0.0025646768814631253,0.0013779763704151423,0.0024946603080997585,0.0032008165998557805,0.0008858418238841883,0.0022485125060249145,0.003119215644554829,0.0024387603186455287,0.0013746227895187685,0.003110923057194593,0.003373131925523642
expJq_2022Q4,0.0010723268441915053,0.0008874939462136609,0.0022654754625596346,0.0021358112943354788,0.0014281911931289444,0.0010219887114163155,0.0014818188081780353,0.001780538081313126,0.0010991619695360471,0.0019670815670960683,0.0024090052540248034,0.0012694204132977357,0.0013627213091217403,0.0013781653541878045,0.001568770651249672,0.0021947737164004473,0.0003852036843895234,0.0016332832106619756,0.0021232461934026278,0.0014866732275976686,0.0009005186575611452,0.0017574942488540728,0.001952782333194338
expJq_2023Q1,0.0008532046035995589,0.0016026554991319486,0.002067284013325693,0.0028687570287925044,0.0013770717844397867,0.0021410172122644225,0.0025699088656971204,0.0017018686239011606,0.001724927522890341,0.002360305731878094,0.0012694204132975909,0.003106329328932134,0.002421328184587579,0.0015253222977863442,0.0022961446258981943,0.0030402866230784813,0.0012148834749093121,0.001819904389201278,0.0028458721427792487,0.002324493449550051,0.0015020224242272386,0.0027121922261456994,0.003133466184220648
expJq_2023Q2,0.0010963063729915968,0.0017930100330274116,0.002738223836953825,0.002993784394521003,0.001438721261616231,0.0020429883766596994,0.002528017625132013,0.0016633581976930995,0.001543792170831337,0.0025646768814641305,0.0013627213091216028,0.0024213281845876003,0.003128308535356229,0.001450967044952645,0.0021297162529395793,0.002843097306490786,0.0009554567621278937,0.0017747444349757767,0.00265449031942599,0.0022495855616064845,0.0015795309453127935,0.0029960759944408443,0.00332378437081972
expJq_2023Q3,0.00047908083701784685,0.0002496637018399504,0.0011077001923782545,0.0015677100831880811,0.00019807562276014863,0.0006959129050862537,0.0014818518187886848,0.0011407516487668091,0.0014492556492186751,0.0013779763704149378,0.0013781653541864191,0.0015253222977851299,0.001450967044951418,0.003371140297609999,0.002017580238199456,0.0019367623635245254,5.5315149728559556e-05,0.000465008955285961,0.002226580932599897,0.0021238281187619316,0.0013216460961753401,0.002782671641413878,0.0029704635576110403
expJq_2023Q4,0.0012893456051531475,0.0013389273833187513,0.0024549956191646477,0.002158138816014093,0.0012449919861077748,0.001421517788205369,0.0026409817691119847,0.0016976396333207707,0.001827365138471414,0.002494660308100916,0.0015687706512497181,0.0022961446258984186,0.002129716252939757,0.0020175802382008086,0.003135074451751376,0.0030089432940242503,0.0007590306048151289,0.0017152774240932207,0.0031843027979618498,0.002693132943985414,0.001705598672523385,0.003193631705010642,0.0035976726910016284
expJq_2024Q1,0.0014575692979467178,0.0017892625319530075,0.003130607926999684,0.0034842587466951402,0.001702712776427139,0.002398795017985132,0.003230432036709779,0.002518111362007963,0.0020328388267849256,0.003200816599856554,0.0021947737164000895,0.0030402866230782844,0.002843097306490515,0.0019367623635255123,0.0030089432940238617,0.004512850345037093,0.0010707367798969477,0.002603440542429711,0.0038303731994260935,0.0030716721940355044,0.002030569781315833,0.0033942883260873243,0.0040394069096282665
expJq_2024Q2,0.000788040515549778,0.0007456575915442229,0.0001947102063087831,0.0008359209837051859,0.0007223489132432602,0.0012003800974442842,0.0010904675123078343,0.000473582258592193,0.0005983025296249887,0.0008858418238847661,0.00038520368438895537,0.0012148834749088737,0.0009554567621274418,5.531514972928553e-05,0.0007590306048145073,0.0010707367798967727,0.0023059882595886237,0.0010276418429372852,0.0010116827966157652,8.847492458007428e-05,0.0009375014158281914,0.00033141601256078104,0.0008021856827080271
expJq_2024Q3,0.001447755498076593,0.001700515680511272,0.002683746670931923,0.0024233809208259595,0.0021282336289963405,0.001480349654045245,0.002125905257547047,0.0015800156502696217,0.001260352594006152,0.002248512506024978,0.0016332832106608537,0.0018199043892003204,0.0017747444349747613,0.00046500895528620907,0.001715277424092062,0.002603440542428959,0.001027641842936814,0.0030490757600061787,0.002416426703493647,0.001600133967839557,0.0010869922505082937,0.001952931105834727,0.0020647213669642405
expJq_2024Q4,0.0013053882535443888,0.0017606139301084946,0.00334666438591502,0.0028435408558859635,0.0018771310910037822,0.0023236631959976935,0.003311286050524144,0.0022488346898670675,0.001900349420429696,0.0031192156445551,0.0021232461934017617,0.0028458721427785127,0.002654490319425249,0.002226580932600421,0.003184302797960972,0.0038303731994256186,0.0010116827966155028,0.002416426703493902,0.004973810521330677,0.0032766724235215924,0.002107299653977585,0.0035597371537103395,0.003879155098907892
expJq_2025Q1,0.0009614857739024607,0.0011499507963205493,0.002735070526170306,0.0023916174719271713,0.001181926638237318,0.0013837907606725761,0.0025931798051394435,0.0017983456531625469,0.0018506258687451987,0.0024387603186456757,0.001486673227596654,0.0023244934495491795,0.0022495855616055938,0.002123828118762291,0.0026931329439844184,0.0030716721940348708,8.847492457963537e-05,0.0016001339678396646,0.003276672423521409,0.0034664736669185988,0.0015259802847962041,0.003183253005086123,0.003473351888824344
expJq_2025Q2,0.0006088556604125971,0.0008727155267096637,0.0014448183332664364,0.001186332325527091,0.00048435793730651955,0.0012044141991085116,0.0018781092830214192,0.001041993985649512,0.000992798284557407,0.00137462278951918,0.0009005186575603485,0.0015020224242266113,0.0015795309453121712,0.0013216460961759276,0.0017055986725225914,0.0020305697813154363,0.000937501415828016,0.0010869922505086285,0.00210729965397768,0.0015259802847964739,0.0021436638501616586,0.0021635299080601405,0.002178950472026134
expJq_2025Q3,0.001213908017013232,0.0017924300389153926,0.0035684631616214753,0.0033437639605152685,0.001563674460264453,0.001799246981512081,0.003609847588182935,0.0021158114283842434,0.0020187221496829402,0.003110923057195543,0.0017574942488538705,0.002712192226145621,0.0029960759944407554,0.0027826716414150274,0.003193631705010389,0.0033942883260874744,0.00033141601256116306,0.0019529311058356397,0.0035597371537109852,0.003183253005086886,0.0021635299080607013,0.005916264958782569,0.004490630571646449
expJq_2025Q4,0.0015079446258596011,0.0017584516522538194,0.003281857443737209,0.0035506071107637327,0.0012300638638377077,0.0020651301304187063,0.0034435562101358366,0.0022259138870499855,0.002107353335064626,0.003373131925524433,0.00195278233319398,0.0031334661842204077,0.003323784370819444,0.0029704635576120017,0.0035976726910012242,0.00403940690962824,0.0008021856827082248,0.002064721366964945,0.003879155098908323,0.003473351888824998,0.0021789504720265114,0.004490630571646267,0.0057776599644408155
