term,estimate,se,pvalue,quarter,period
expq_2020Q1,-0.003801861823855059,0.04807218696088328,0.9369638079189684,2020Q1,pre
expq_2021Q3,-0.01202655906295377,0.054335144711110984,0.824827446929014,2021Q3,pre
expq_2021Q4,0.11028159339249967,0.0500870754317074,0.027679621513116807,2021Q4,pre
expq_2022Q1,0.029491509400340125,0.05734976819454666,0.6070846363738565,2022Q1,pre
expq_2022Q2,0.03871048868280816,0.04114128321923398,0.34674794441244905,2022Q2,pre
expq_2022Q4,0.08664059004809532,0.051363721014209586,0.09164082143915755,2022Q4,post
expq_2023Q1,0.024731314880869923,0.0481532509062383,0.6075345082979091,2023Q1,post
expq_2023Q2,0.026773610685279416,0.06382566374355991,0.6748651249781408,2023Q2,post
expq_2023Q3,0.07090995051314417,0.05446245317631391,0.19291741199334833,2023Q3,post
expq_2023Q4,0.10206939985283794,0.04700828146085461,0.029907990789655753,2023Q4,post
expq_2024Q1,0.000677263213186648,0.04925228826401573,0.9890287162043928,2024Q1,post
expq_2024Q2,0.041444239068683,0.05967350148636901,0.48735827628897654,2024Q2,post
expq_2024Q3,-0.007226362482022944,0.06040068278709536,0.9047680066837173,2024Q3,post
expq_2024Q4,0.05755170302975233,0.061391505110214406,0.3485251504632989,2024Q4,post
expq_2025Q1,0.05490778941258973,0.0561206299394116,0.3278821215474028,2025Q1,post
expq_2025Q2,0.026348953195854466,0.06011202027939482,0.6611464626421355,2025Q2,post
expq_2025Q3,0.026507103645743067,0.05815673358794667,0.6485428995881914,2025Q3,post
expq_2025Q4,0.020144721911565543,0.058081435608138124,0.7287146707107783,2025Q4,post
