term,estimate,se,pvalue,quarter,period,specification
expJq_2020Q1,-0.0274282546042711,0.0263477675782935,0.2978715222961666,2020Q1,pre,results
expJq_2020Q2,-0.0472936484125045,0.0279276366260254,0.0903726220366997,2020Q2,pre,results
expJq_2020Q3,-0.0298279955650942,0.0235229742169742,0.2047848301796624,2020Q3,pre,results
expJq_2020Q4,-0.048554144401356,0.0325492457042977,0.1357743074206633,2020Q4,pre,results
expJq_2021Q1,-0.0741306522206287,0.0346641642566649,0.0324730572946108,2021Q1,pre,results
expJq_2021Q2,-0.039157130168014,0.0290448286377625,0.177606329077085,2021Q2,pre,results
expJq_2021Q3,-0.0273415943544174,0.0231065894825138,0.2366976966407361,2021Q3,pre,results
expJq_2021Q4,-0.036729757348639,0.0270710024069008,0.1748468657641189,2021Q4,pre,results
expJq_2022Q1,-0.0032793734207391,0.0278352478359023,0.9062152774569971,2022Q1,pre,results
expJq_2022Q2,-0.030167861929046,0.0260901373736028,0.247561037295765,2022Q2,pre,results
expJq_2022Q4,-0.02843229166223,0.0319733414814896,0.3738687743901139,2022Q4,post,results
expJq_2023Q1,0.0003710333273145,0.0259241260799454,0.988580843347478,2023Q1,post,results
expJq_2023Q2,-0.0423084225581938,0.0294842286425861,0.1513010690590465,2023Q2,post,results
expJq_2023Q3,-0.0180985999257865,0.0306722875060538,0.5551480212480597,2023Q3,post,results
expJq_2023Q4,-0.0123614281190732,0.0268748194213478,0.6455426302792886,2023Q4,post,results
expJq_2024Q1,-0.0284106016356144,0.02519439108404,0.2594653044107324,2024Q1,post,results
expJq_2024Q2,-0.0294704664275459,0.0319727622918257,0.3566659647509125,2024Q2,post,results
expJq_2024Q3,-0.0299448397940574,0.0266607389026624,0.261360560024743,2024Q3,post,results
expJq_2024Q4,-0.0384044679578887,0.0330241066727944,0.2448610549649349,2024Q4,post,results
expJq_2025Q1,-0.0490442976855132,0.0317166296718053,0.1220254859716132,2025Q1,post,results
expJq_2025Q2,0.0051397708335273,0.0313069430216623,0.8695945513230745,2025Q2,post,results
expJq_2025Q3,-0.0254115132247975,0.0274001861312335,0.3537078929453077,2025Q3,post,results
expJq_2025Q4,-0.0024255175544098,0.034960560737683,0.9446881989534752,2025Q4,post,results
expJq_2020Q1,-0.0276568386943624,0.0263531904380932,0.2939626249914507,2020Q1,pre,results_drop_pandemic
expJq_2021Q3,-0.0275878110276821,0.0231725981121841,0.2338358102458633,2021Q3,pre,results_drop_pandemic
expJq_2021Q4,-0.0365438272449591,0.0270572366884988,0.1768197703246464,2021Q4,pre,results_drop_pandemic
expJq_2022Q1,-0.0036406532409629,0.0278196174894602,0.8958809935180485,2022Q1,pre,results_drop_pandemic
expJq_2022Q2,-0.0302789943601594,0.0261220485260653,0.2464009484692365,2022Q2,pre,results_drop_pandemic
expJq_2022Q4,-0.0283477354368653,0.0320787742301494,0.3768628488315879,2022Q4,post,results_drop_pandemic
expJq_2023Q1,0.0001495815226372,0.0259856666537523,0.9954071554144948,2023Q1,post,results_drop_pandemic
expJq_2023Q2,-0.0425531117932636,0.029529121051362,0.1495689131578533,2023Q2,post,results_drop_pandemic
expJq_2023Q3,-0.0180691785135463,0.0307328690872719,0.5565704815292177,2023Q3,post,results_drop_pandemic
expJq_2023Q4,-0.0122256392745467,0.0269557987356626,0.6501571076669095,2023Q4,post,results_drop_pandemic
expJq_2024Q1,-0.0287609587466333,0.0251930306056536,0.2536105025161431,2024Q1,post,results_drop_pandemic
expJq_2024Q2,-0.0296714606198654,0.031970141092498,0.3533561429916115,2024Q2,post,results_drop_pandemic
expJq_2024Q3,-0.0299153346644412,0.026614915785643,0.2610103270463527,2024Q3,post,results_drop_pandemic
expJq_2024Q4,-0.0383649240278523,0.0329926347887418,0.2448972710130119,2024Q4,post,results_drop_pandemic
expJq_2025Q1,-0.0491936634677217,0.0318106199515979,0.1219949385295992,2025Q1,post,results_drop_pandemic
expJq_2025Q2,0.005085209406937,0.0313364625366454,0.8710871661784401,2025Q2,post,results_drop_pandemic
expJq_2025Q3,-0.0256202254600184,0.0273920449351967,0.3496253298666359,2025Q3,post,results_drop_pandemic
expJq_2025Q4,-0.002523247951767,0.0349739597758733,0.942485340016698,2025Q4,post,results_drop_pandemic
expJq_2020Q1,-0.0105898335225977,0.0258942047655993,0.6825650611500099,2020Q1,pre,results_exposure_gpt4beta
expJq_2020Q2,-0.0029297963528444,0.0243739927337297,0.904323338946624,2020Q2,pre,results_exposure_gpt4beta
expJq_2020Q3,-0.0449173022609229,0.0194783348079116,0.0211098802036542,2020Q3,pre,results_exposure_gpt4beta
expJq_2020Q4,0.0087746014126657,0.0251433552917283,0.7271021363461465,2020Q4,pre,results_exposure_gpt4beta
expJq_2021Q1,0.0074610318568403,0.0259523229575192,0.7737372011352653,2021Q1,pre,results_exposure_gpt4beta
expJq_2021Q2,-0.0028403578193201,0.0297545981753704,0.9239498908652088,2021Q2,pre,results_exposure_gpt4beta
expJq_2021Q3,-0.0038205226348474,0.0161463777007293,0.8129532010419931,2021Q3,pre,results_exposure_gpt4beta
expJq_2021Q4,0.0002457773008203,0.0234487263002305,0.9916371439285102,2021Q4,pre,results_exposure_gpt4beta
expJq_2022Q1,-0.0006416852939462,0.0196655052294756,0.9739696517683444,2022Q1,pre,results_exposure_gpt4beta
expJq_2022Q2,0.0005418195049982,0.0215594882747004,0.979950177395993,2022Q2,pre,results_exposure_gpt4beta
expJq_2022Q4,0.0035152754774046,0.0246518979445417,0.8866088261964453,2022Q4,post,results_exposure_gpt4beta
expJq_2023Q1,0.014060162680394,0.0194264693697597,0.4692111556297542,2023Q1,post,results_exposure_gpt4beta
expJq_2023Q2,-0.0013463420609349,0.0257733309614272,0.9583392154492406,2023Q2,post,results_exposure_gpt4beta
expJq_2023Q3,-0.0217924478970451,0.0249169465897754,0.3817897002102374,2023Q3,post,results_exposure_gpt4beta
expJq_2023Q4,0.0064213934989911,0.0231300954053449,0.7813035329044845,2023Q4,post,results_exposure_gpt4beta
expJq_2024Q1,-0.0164061175284144,0.0206745795528387,0.4274629452825925,2024Q1,post,results_exposure_gpt4beta
expJq_2024Q2,0.0218610667064354,0.0293454667833348,0.4562986255004612,2024Q2,post,results_exposure_gpt4beta
expJq_2024Q3,-0.0172023616237509,0.0207411784185517,0.4068882404247237,2024Q3,post,results_exposure_gpt4beta
expJq_2024Q4,-0.0074379526481048,0.0281314474267451,0.7914717677134013,2024Q4,post,results_exposure_gpt4beta
expJq_2025Q1,-0.0166047089314435,0.0267854897546025,0.5353141909017791,2025Q1,post,results_exposure_gpt4beta
expJq_2025Q2,0.0028511881585401,0.0242212251595067,0.9062939182335614,2025Q2,post,results_exposure_gpt4beta
expJq_2025Q3,0.0146251849761235,0.0219222223705443,0.5046829001327158,2025Q3,post,results_exposure_gpt4beta
expJq_2025Q4,0.0227420683956755,0.0281089119165866,0.4184750667058657,2025Q4,post,results_exposure_gpt4beta
expJq_2020Q1,-0.0040786411275581,0.0064087646952793,0.5245052402692033,2020Q1,pre,results_exposure_lmaioe
expJq_2020Q2,-0.01220405738139,0.0066878702034626,0.0680304973119582,2020Q2,pre,results_exposure_lmaioe
expJq_2020Q3,-0.0161875266171953,0.0066250345955784,0.0145501057917137,2020Q3,pre,results_exposure_lmaioe
expJq_2020Q4,-0.0061974082378623,0.0065317785906376,0.3427179252303828,2020Q4,pre,results_exposure_lmaioe
expJq_2021Q1,-0.0121105786983117,0.0057922044132631,0.0365423158487961,2021Q1,pre,results_exposure_lmaioe
expJq_2021Q2,-0.0071692727658711,0.0060890881574301,0.2390371760508829,2021Q2,pre,results_exposure_lmaioe
expJq_2021Q3,-0.0018136653228562,0.0044842781765179,0.6858820002721642,2021Q3,pre,results_exposure_lmaioe
expJq_2021Q4,-0.007429593648836,0.0050187823209757,0.1387777806748556,2021Q4,pre,results_exposure_lmaioe
expJq_2022Q1,-0.0013366715058233,0.0057672507285234,0.8167172242229834,2022Q1,pre,results_exposure_lmaioe
expJq_2022Q2,-0.0036542647783085,0.0054566144751948,0.5030525496718854,2022Q2,pre,results_exposure_lmaioe
expJq_2022Q4,-0.0057571765663688,0.0051656906975585,0.2650635588569767,2022Q4,post,results_exposure_lmaioe
expJq_2023Q1,-0.0025514707888402,0.0046363498863201,0.5821006898854777,2023Q1,post,results_exposure_lmaioe
expJq_2023Q2,-0.0097528502816646,0.0063982397986836,0.1274332659387638,2023Q2,post,results_exposure_lmaioe
expJq_2023Q3,-0.0121316885629309,0.0048083380263571,0.0116341079687015,2023Q3,post,results_exposure_lmaioe
expJq_2023Q4,-0.0045919933278425,0.0052823142052671,0.3846750309557969,2023Q4,post,results_exposure_lmaioe
expJq_2024Q1,-0.0032421998167419,0.005126846211596,0.5271277928306949,2024Q1,post,results_exposure_lmaioe
expJq_2024Q2,-0.0094695723667738,0.0060990761621695,0.1205129752218303,2024Q2,post,results_exposure_lmaioe
expJq_2024Q3,-0.0101375420965808,0.0061770047954248,0.1007612196063329,2024Q3,post,results_exposure_lmaioe
expJq_2024Q4,-0.0110266499339252,0.0069360398003575,0.1118885459825539,2024Q4,post,results_exposure_lmaioe
expJq_2025Q1,-0.0094279960091471,0.0062463605755749,0.1312072504475112,2025Q1,post,results_exposure_lmaioe
expJq_2025Q2,-0.0072138192876583,0.0060086293287922,0.2299155137212739,2025Q2,post,results_exposure_lmaioe
expJq_2025Q3,-0.0056943782969229,0.0043116494745799,0.1866027419771705,2025Q3,post,results_exposure_lmaioe
expJq_2025Q4,-0.005438773568059,0.0056660537409544,0.337111890576896,2025Q4,post,results_exposure_lmaioe
expJq_2022Q4,-0.0154879799326428,0.0218586322259792,0.4786024653991182,2022Q4,post,results_rq1_trend
expJq_2023Q1,0.0100109785690877,0.0207612766457353,0.6296676071192417,2023Q1,post,results_rq1_trend
expJq_2023Q2,-0.0359798710097294,0.0266454128642609,0.1769129131553355,2023Q2,post,results_rq1_trend
expJq_2023Q3,-0.0150720959085458,0.0286022967670789,0.5982255033292607,2023Q3,post,results_rq1_trend
expJq_2023Q4,-0.0126424168045967,0.0268113241422985,0.6372603540660181,2023Q4,post,results_rq1_trend
expJq_2024Q1,-0.0320013657682466,0.0258050129456694,0.214930251311028,2024Q1,post,results_rq1_trend
expJq_2024Q2,-0.0363691203102641,0.036334663763859,0.3168517986647404,2024Q2,post,results_rq1_trend
expJq_2024Q3,-0.0401578755385312,0.0314279136816126,0.2013279509564042,2024Q3,post,results_rq1_trend
expJq_2024Q4,-0.0519243068905899,0.0347111168154703,0.1346801124295551,2024Q4,post,results_rq1_trend
expJq_2025Q1,-0.0658685978181286,0.034900854549914,0.0591191582550001,2025Q1,post,results_rq1_trend
expJq_2025Q2,-0.0149921688764408,0.0387884905014881,0.6991184365331502,2025Q2,post,results_rq1_trend
expJq_2025Q3,-0.0488567022127343,0.0359944128288579,0.1746727981609017,2025Q3,post,results_rq1_trend
expJq_2025Q4,-0.0291776232792344,0.0427261601557875,0.4946710913356452,2025Q4,post,results_rq1_trend
expJ_trend,0.0033078902939755,0.0018192378957232,0.0690208095280645,,trend,results_rq1_trend
expJq_2021Q4,-0.0366175718268094,0.027102263360689,0.1766669019530402,2021Q4,pre,results_rq1_from_2021q4
expJq_2022Q1,-0.0036429303329431,0.0278562348618481,0.8959524136497838,2022Q1,pre,results_rq1_from_2021q4
expJq_2022Q2,-0.0304161055924496,0.0261250311568343,0.2443221224759585,2022Q2,pre,results_rq1_from_2021q4
expJq_2022Q4,-0.0285052067447196,0.0320755406054954,0.3741697979845174,2022Q4,post,results_rq1_from_2021q4
expJq_2023Q1,0.0001047439031536,0.0259468666450886,0.9967790594016978,2023Q1,post,results_rq1_from_2021q4
expJq_2023Q2,-0.0425505345404399,0.0295269640292304,0.149563831742323,2023Q2,post,results_rq1_from_2021q4
expJq_2023Q3,-0.0181384930572213,0.0307071399099648,0.554726128927225,2023Q3,post,results_rq1_from_2021q4
expJq_2023Q4,-0.0120718352833317,0.0269258957653307,0.6539110747023853,2023Q4,post,results_rq1_from_2021q4
expJq_2024Q1,-0.0288545214126446,0.025225076924334,0.2526724129470606,2024Q1,post,results_rq1_from_2021q4
expJq_2024Q2,-0.0298467861794865,0.0320370372768208,0.3515258187982393,2024Q2,post,results_rq1_from_2021q4
expJq_2024Q3,-0.0298046466817554,0.0265450889408941,0.2615253128367446,2024Q3,post,results_rq1_from_2021q4
expJq_2024Q4,-0.0383294023493498,0.0329754869027971,0.2450890745268977,2024Q4,post,results_rq1_from_2021q4
expJq_2025Q1,-0.049481904044598,0.0318088230269133,0.1198024986022569,2025Q1,post,results_rq1_from_2021q4
expJq_2025Q2,0.0050670120761692,0.0313662614667962,0.8716654431550894,2025Q2,post,results_rq1_from_2021q4
expJq_2025Q3,-0.02573895537419,0.0273317611495817,0.3463343401567221,2025Q3,post,results_rq1_from_2021q4
expJq_2025Q4,-0.0024619444886973,0.0349612021910655,0.9438599050857602,2025Q4,post,results_rq1_from_2021q4
