term,estimate,se,pvalue,specification
z1,0.2300545460104434,0.0516424397180425,8.398806876675336e-06,Main specification
z2,0.7291629315502008,0.1727728799924509,2.4391763225727627e-05,Main specification
z3,1.7926194375298004,0.1408512377937329,4.183985895106167e-37,Main specification
ln_T,0.6398046593546562,0.1344289403951686,1.9414382008598352e-06,Main specification
z1:early_career,0.0488440151903614,0.0464233917383885,0.2927342572309743,Main specification
z2:early_career,0.251559377352211,0.209892170890163,0.2307157303158604,Main specification
z3:early_career,-0.4265312280885623,0.1663389193916346,0.0103405031208029,Main specification
z1:early_career:post,-0.0462747957137744,0.030034732889464,0.1233875245682931,Main specification
z2:early_career:post,0.0800631479069759,0.0702687541014087,0.2545427073350309,Main specification
z3:early_career:post,-0.0379311008233943,0.1057257701864494,0.719768103535108,Main specification
z1:post,0.0703557554151883,0.02874874282501,0.0143945470073309,Main specification
z2:post,0.1877985452124479,0.0876600808819808,0.0321653548190824,Main specification
z3:post,-0.0940928718633829,0.0787505235834433,0.2321565145539631,Main specification
ln_T:post,0.2009635892382744,0.0983041863703437,0.0409235767323325,Main specification
early_career:post,0.027955729504812,0.021390716626438,0.1912434693878056,Main specification
z1,0.2281842766945155,0.0520116640996477,1.1483235218909503e-05,Pandemic window dropped
z2,0.7440721664005943,0.1696720374339449,1.1579662033399173e-05,Pandemic window dropped
z3,1.9003569594395064,0.1426841005569655,1.803836040568416e-40,Pandemic window dropped
ln_T,0.6117526685568261,0.1327463470468763,4.057147407595421e-06,Pandemic window dropped
z1:early_career,0.0329537111917697,0.0474177362959302,0.4870766532821655,Pandemic window dropped
z2:early_career,0.2377909317557004,0.2169623022515086,0.2730782732635307,Pandemic window dropped
z3:early_career,-0.3930036012032165,0.1795363472491661,0.0285974322680038,Pandemic window dropped
z1:early_career:post,-0.0304461487560142,0.0350567051026994,0.385130031958059,Pandemic window dropped
z2:early_career:post,0.0917582651243217,0.0782725870950832,0.2410801630980058,Pandemic window dropped
z3:early_career:post,-0.0683944794330634,0.1174774489322609,0.5604370834063825,Pandemic window dropped
z1:post,0.0654218968633757,0.0269336525500034,0.0151404473397649,Pandemic window dropped
z2:post,0.1715030299645615,0.0879487827632386,0.0511721842030743,Pandemic window dropped
z3:post,-0.1912475516365253,0.085912619682037,0.0260094569095082,Pandemic window dropped
ln_T:post,0.2150422562520282,0.0911424825742368,0.0183041439100018,Pandemic window dropped
early_career:post,0.0098457993657736,0.0240234604868968,0.6819225788645309,Pandemic window dropped
