,expJq_2021Q4,expJq_2022Q1,expJq_2022Q2,expJq_2022Q4,expJq_2023Q1,expJq_2023Q2,expJq_2023Q3,expJq_2023Q4,expJq_2024Q1,expJq_2024Q2,expJq_2024Q3,expJq_2024Q4,expJq_2025Q1,expJq_2025Q2,expJq_2025Q3,expJq_2025Q4
expJq_2021Q4,0.0007345326792721499,0.00026828705282853075,0.00046204991704734,0.0005522860571988144,0.00030162554085528365,0.0003519188913542928,0.0002752411966046181,0.00032010402213810893,0.0002821026727605522,0.00028626384123851665,0.0002304953499503154,0.0005945528077167377,0.0004921637496977317,0.00012832761707280666,0.0003034809196779833,0.0004992222018436213
expJq_2022Q1,0.00026828705282792685,0.0007759698206784439,0.0002887496127806306,0.0006312890535339959,0.000466537052159006,0.00038274606021759913,0.0004762111622464081,0.00023206653494723704,0.00045736848072207287,0.0004923263619189253,0.0003195606233103816,0.0003411923304289521,0.000500159929801744,0.0002917220944661946,0.00043075539701565294,0.0005963813825680893
expJq_2022Q2,0.0004620499170464419,0.0002887496127803859,0.0006825172529455657,0.0005118846867069008,0.00035782908273967025,0.000516277031869159,0.0003591202606475521,0.0004694513783420636,0.00034307740573243686,0.0003662119533325555,0.00037984485821305125,0.0006144914138809163,0.0005032737619882634,0.00033634482525256754,0.00039415387700944066,0.0005516742557643906
expJq_2022Q4,0.0005522860571980303,0.0006312890535338146,0.0005118846867069877,0.0010288403051347868,0.0005938352156053755,0.0005662917184849111,0.0005825016491814512,0.00042752740005414793,0.0004961953739118189,0.0005920134498513017,0.00046097116256041057,0.0006767672722590258,0.0007246411402925919,0.0003093015274317273,0.0005988324354637872,0.0008252899426926561
expJq_2023Q1,0.0003016255408547596,0.00046653705215906797,0.0003578290827400284,0.000593835215605645,0.0006732398886980129,0.0005318508822370789,0.0004993157308826397,0.00041032139549048406,0.00043713865295850427,0.0005643851098882409,0.000413456775431123,0.000522198138836738,0.0006113492608146947,0.0004869733439215331,0.0004539524289347954,0.0005789594436624997
expJq_2023Q2,0.0003519188913541355,0.0003827460602180127,0.0005162770318698439,0.0005662917184855137,0.0005318508822374453,0.0008718416047834713,0.0005833151811496666,0.0005505621766749185,0.00041468795253938044,0.0005760356738614863,0.00060240756803646,0.000713455035785411,0.0007093975552691816,0.0006013679837326792,0.0005244892128170279,0.0006929991331504193
expJq_2023Q3,0.00027524119660406166,0.00047621116224645443,0.00035912026064784406,0.0005825016491816673,0.0004993157308825924,0.0005833151811492991,0.0009429284414501564,0.0003234596733510924,0.0003300506071034006,0.000591451170538829,0.0005572017538554347,0.0006173360477747394,0.0006726540475454921,0.00038746375552550674,0.0006679533917822138,0.0007253026643756923
expJq_2023Q4,0.0003201040221379561,0.00023206653494766628,0.0004694513783428124,0.0004275274000547363,0.0004103213954908662,0.0005505621766749717,0.0003234596733514835,0.0007250038627654574,0.00038590571211221964,0.000398406996274851,0.0004615952791755297,0.0006134821633337045,0.0005669422133076743,0.0005027416945684649,0.0004347026791001483,0.0005413151743207579
expJq_2024Q1,0.00028210267275983553,0.0004573684807219327,0.00034307740573257705,0.0004961953739118986,0.00043713865295828206,0.000414687952538843,0.00033005060710322444,0.00038590571211168036,0.0006363045058385724,0.0005325491921517345,0.00034112903202806804,0.00037235188289803163,0.0005371229955882991,0.0004486459353307176,0.0003472556937748454,0.0005453373316966099
expJq_2024Q2,0.00028626384123829407,0.0004923263619193338,0.0003662119533332141,0.0005920134498518909,0.0005643851098885522,0.0005760356738614771,0.0005914511705391985,0.0003984069962748141,0.0005325491921522759,0.0010263717574764055,0.00043938751069238943,0.0005467347313425318,0.0006067158080309264,0.0005894295572340129,0.0004939650752473956,0.0007364849769928158
expJq_2024Q3,0.00023049534994970248,0.0003195606233103859,0.0003798448582133096,0.0004609711625606041,0.00041345677543103533,0.0006024075680360439,0.0005572017538553991,0.0004615952791750907,0.00034112903202817565,0.0004393875106919759,0.0007046417468799822,0.0005543271442759104,0.0005800110345904838,0.0005293209621286558,0.0005139409870771898,0.0005561454751766651
expJq_2024Q4,0.0005945528077166106,0.00034119233042944746,0.0006144914138816618,0.0006767672722597168,0.0005221981388371421,0.0007134550357854499,0.0006173360477751838,0.0006134821633337713,0.00037235188289862453,0.000546734731342634,0.0005543271442764012,0.0010873827364765434,0.000792520359228067,0.0005219168465394446,0.0006437740971637716,0.0007493143949992666
expJq_2025Q1,0.0004921637496972303,0.0005001599298018616,0.0005032737619886348,0.0007246411402928967,0.0006113492608147274,0.0007093975552688838,0.0006726540475455668,0.0005669422133073187,0.0005371229955885144,0.0006067158080306269,0.0005800110345906,0.0007925203592276829,0.0010118012223574908,0.0005701402113431948,0.0006233438422906312,0.0008118134122543626
expJq_2025Q2,0.00012832761707247384,0.0002917220944665036,0.0003363448252531388,0.0003093015274321948,0.00048697334392175607,0.0006013679837325767,0.00038746375552577546,0.0005027416945683168,0.0004486459353311314,0.0005894295572339286,0.0005293209621289752,0.000521916846539249,0.0005701402113433874,0.0009838423584034293,0.0003560003998030101,0.0004052967972937439
expJq_2025Q3,0.0003034809196769669,0.0004307553970152689,0.00039415387700926404,0.0005988324354635881,0.00045395242893431486,0.0005244892128161998,0.0006679533917817857,0.0004347026790992713,0.0003472556937745385,0.0004939650752466048,0.0005139409870767959,0.0006437740971628505,0.0006233438422901445,0.0003560003998022925,0.0007470251675377867,0.0007709082013350152
expJq_2025Q4,0.0004992222018429558,0.0005963813825680357,0.000551674255764607,0.0008252899426927788,0.0005789594436623907,0.0006929991331499693,0.0007253026643755902,0.0005413151743202848,0.0005453373316966858,0.0007364849769923761,0.0005561454751765862,0.0007493143949987014,0.0008118134122542053,0.0004052967972934003,0.000770908201335379,0.0012222856586445656
